"id","first_name","last_name","known_name","squad","total_points","avg_points","last_3_avg","last_5_avg","high_score","low_score","last_match_points","owned_by"
"427637","Brenden","Aaronson",,"PHI","79","3.29","6","4.4","10","0","7","0.2"
"203478","Anatole","Abang",,"NY","0","0","0","0","0","0",,"0"
"202402","Saad","Abdul-Salaam",,"SEA","45","2.81","1","1.4","10","0","1","1.25"
"244927","Lalas","Abubakar",,"COL","81","4.5","5","4.2","10","0","9","1.62"
"126174","David","Accam",,"CLB","72","3.27","3.33","2.2","15","0",,"0.56"
"193611","Bryan","Acosta",,"DAL","94","4.27","4.67","4.6","10","1","4","0.22"
"220877","Danilo","Acosta",,"ORL","26","3.25","2","3.8","10","1",,"0.17"
"149528","Kellyn","Acosta",,"COL","81","3.12","2.33","3.2","8","1","3","0.62"
"179384","Luciano","Acosta",,"DC","122","4.52","3","2.6","15","-2","1","0.5"
"200735","Mo","Adams",,"ATL","24","2","2.33","2","6","0",,"0.04"
"95186","Fanendo","Adi",,"CIN","24","2","3","2.6","6","1",,"0.06"
"116185","Bismark","Adjei-Boateng","Nana","COL","0","0","4","2.8","0","0",,"0.02"
"153706","Ali","Adnan",,"VAN","112","4.48","3.33","4","9","-1","2","1.71"
"27058","Francois","Affolter",,"SJ","3","3","5","3.8","3","3",,"0.07"
"49483","Harrison","Afful",,"CLB","68","3.78","5.33","4.6","10","-1","4","1.06"
"83905","Juan","Agudelo",,"NE","91","3.64","1","2.4","13","0","0","0.48"
"426106","Jacob","Akanyirige",,"SJ","0","0","0","0","0","0",,"0.22"
"177947","Tesho","Akindele",,"ORL","100","4.17","1.67","2.4","13","1",,"0.33"
"215474","Ayo","Akinola",,"TOR","18","2.25","1.33","1.2","10","1",,"0.29"
"163482","Fatai","Alashe",,"CIN","12","1.71","0.67","2","6","0","0","0.03"
"141538","Nazmi","Albadawi",,"CIN","1","1","1","1","1","1",,"0.05"
"86140","Romain","Alessandrini",,"LA","17","3.4","4","3.4","8","1",,"0.08"
"82518","Eric","Alexander",,"DAL","15","2.5","3.67","2.6","5","1",,"0.09"
"177980","Jordan","Allen",,"RSL","0","0","2.5","2.5","0","0",,"0.01"
"110557","RJ","Allen",,"PHI","0","0","2.33","2","0","0",,"0.02"
"38530","Lu?s Carlos","Almeida da Cunha","Nani","ORL","156","6","5.33","6.2","15","1","8","2.88"
"60244","Osvaldo","Alonso",,"MIN","109","4.95","4.67","4.4","9","4",,"0.34"
"41574","Jozy","Altidore",,"TOR","106","6.24","6","5.6","12","0",,"1.72"
"224430","Efrain","Alvarez",,"LA","19","1.9","1","2.2","7","-2",,"0.29"
"169881","Favio","Alvarez",,"LA","74","4.63","3.67","4","11","1","1","0.47"
"132000","Fabio","Alves","Fabinho","PHI","1","1","3","3.8","1","1",,"0.07"
"60225","Quincy","Amarikwa",,"DC","26","1.37","1","1.6","6","0","1","0.38"
"474183","Frankie","Amaya",,"CIN","0","0","0","0","0","0",,"0"
"424659","Frankie","Amaya",,"CIN","37","2.47","2.67","2.2","5","0","3","0.14"
"135297","Mikey","Ambrose",,"ATL","3","0.75","1.33","2","2","-1",,"0.03"
"426582","Sebastian","Anderson",,"COL","10","1.67","1.67","1.2","4","0",,"0.78"
"223234","Isaac","Angking",,"NE","0","0","1.33","1.33","0","0",,"0.02"
"95228","Jalil","Anibaba",,"NE","68","3.58","2.67","3","11","-3","2","0.22"
"234964","Uriel","Antuna",,"LA","85","3.4","4.33","3.2","9","1","8","0.45"
"201913","Pablo","Aranguiz",,"DAL","24","2.18","1.33","2","5","1",,"0.03"
"436893","Julian","Araujo",,"LA","39","2.6","1","0.8","9","0","1","0.33"
"100819","Heber","Araujo dos Santos",,"NYC","130","6.5","5","6.6","15","1",,"1.17"
"244709","Joaquin","Ardaiz",,"VAN","18","1.13","1.33","1.4","2","0",,"0.09"
"176416","Hugo","Arellano",,"LA","0","0","0.67","1.2","0","0",,"0.01"
"422981","Luis","Argudo",,"CLB","55","2.89","3.67","2.8","12","1","7","0.09"
"185826","Xavier","Arreaga",,"SEA","27","2.45","2.67","2.4","5","1",,"0.08"
"223355","Luis","Arriaga",,"RSL","2","1","1","1","1","1",,"4.16"
"166921","Paul","Arriola",,"DC","115","4.6","5","5.2","12","0","9","0.66"
"170062","Carlos","Ascues",,"ORL","63","4.2","1.33","3.6","15","0",,"0.19"
"474179","Anderson","Asiedu",,"ATL","0","0","0","0","0","0",,"0"
"149675","Dairon","Asprilla",,"POR","13","1.18","1.33","0.8","2","-2","2","0.34"
"94305","Jeff","Attinella",,"POR","37","3.7","3.67","3.8","6","2",,"0.13"
"234384","Francis","Atuahene",,"DAL","6","6","6","6","6","6",,"0.74"
"232274","Eduard","Atuesta",,"LAFC","178","7.12","4.33","5.4","15","3",,"0.84"
"163042","Micheal","Azira",,"CHI","73","3.17","1.33","1.8","7","1","1","0.12"
"202376","Dominique","Badji",,"DAL","86","3.58","3.67","3","13","1","1","0.16"
"421350","Theo","Bair",,"VAN","28","2.15","2.67","3.4","7","0","1","1.71"
"197422","Corey","Baird",,"RSL","80","3.08","4.67","5.6","11","1","3","0.29"
"226311","Jon","Bakero",,"TOR","0","0","2","1.6","0","0",,"0.01"
"244407","Michael","Baldisimo",,"VAN","0","0","0","0","0","0",,"0.64"
"95786","Lass","Bangoura",,"VAN","34","2.13","1.67","1.6","6","0",,"0.02"
"85790","Botond","Barath",,"SKC","72","4.24","4","4.4","11","1",,"0.16"
"183764","Francisco","Barbosa de Lisboa","Robinho","ORL","72","2.88","2","1.6","10","1","1","0.81"
"231969","Ezequiel","Barco",,"ATL","74","5.69","5","4.2","15","1",,"0.36"
"234346","Tom","Barlow",,"NY","23","2.56","1","2.6","8","1",,"0.1"
"234311","Luis","Barraza",,"NYC","0","0","0","0","0","0",,"0.66"
"177653","Michael","Barrios",,"DAL","164","6.07","8.67","8.8","15","2","10","1.15"
"424488","Cole","Bassett",,"COL","50","2.94","2.33","1.6","11","0",,"1.85"
"247451","Lamar","Batista",,"LAFC","0","0","0","0","0","0",,"0.34"
"425622","Clement","Bayiha",,"MTL","19","2.11","1.33","2.4","7","1",,"1.62"
"12875","DaMarcus","Beasley",,"HOU","21","2.63","3.67","2.6","6","0",,"0.68"
"443433","Jason","Beaulieu",,"MTL","0","0","0","0","0","0",,"0.35"
"15517","Kyle","Beckerman",,"RSL","75","3.75","3.33","4.2","7","1",,"0.19"
"61770","Alejandro","Bedoya",,"PHI","127","4.54","3.33","4","10","1",,"0.76"
"213700","Daniel","Bedoya",,"NYC","1","1","1","1","1","1",,"0.08"
"82845","Steven","Beitashour",,"LAFC","106","5.05","4.33","3.6","16","1","1","2.47"
"426771","George","Bello",,"ATL","0","0","6.33","6.33","0","0",,"0.07"
"50136","Tony","Beltran",,"RSL","0","0","4","4.8","0","0",,"0.02"
"95611","Joe","Bendik",,"PHI","13","2.17","2","2.2","3","1",,"0.17"
"89038","Nicolas","Benezet",,"TOR","22","4.4","6.67","4.4","10","1","9","0.82"
"173614","Matt","Bersano",,"SJ","0","0","0","0","0","0",,"0.28"
"116700","Leonardo","Bertone",,"CIN","61","3.05","1.33","2.2","8","1",,"0.14"
"60207","Matt","Besler",,"SKC","102","4.43","7","5.8","11","0","4","0.75"
"202198","Nick","Besler",,"RSL","45","2.65","2.67","2.4","7","0",,"0.08"
"242216","Vincent","Bezecourt",,"NY","18","2.25","1.67","2","5","1",,"0.03"
"120608","Everton","Bilher","Everton Luiz","RSL","77","3.67","4","3.8","8","1","4","0.09"
"94932","David","Bingham",,"LA","146","5.21","3.67","4.4","15","1","1","2.41"
"126206","Eric","Bird",,"HOU","0","0","1.67","2","0","0",,"0.02"
"129430","Steven","Birnbaum",,"DC","155","5.17","5.33","4.8","12","0","12","1.77"
"185317","Jose","Bizama",,"HOU","1","0.5","0.5","0.5","1","0",,"0.01"
"423123","Tristan","Blackmon",,"LAFC","63","4.85","4.67","4","11","1","1","0.67"
"163906","Andre","Blake",,"PHI","77","3.67","3.67","3.8","8","0","4","0.69"
"55820","Sebastian","Blanco",,"POR","142","5.68","3","5","13","2",,"1.48"
"245764","Latif","Blessing",,"LAFC","164","5.66","6.33","5.8","13","0","4","2.67"
"107978","Johan","Blomberg",,"COL","2","0.67","0.67","1","3","-2",,"0.02"
"168365","Emmanuel","Boateng",,"DC","52","2.26","1","1","9","1",,"0.5"
"82844","Corben","Bone",,"CIN","8","1.33","1.33","1.2","2","1",,"0.09"
"163484","Alex","Bono",,"TOR","22","3.67","2.33","3.6","9","2",,"0.41"
"41700","Jonathan","Bornstein",,"CHI","30","4.29","3.33","2.6","10","1","1","0.31"
"55110","Gustavo","Bou",,"NE","61","6.78","5.67","6.8","11","2","2","3.33"
"95330","Michael","Boxall",,"MIN","118","5.13","6.33","5.8","11","1","11","0.31"
"107941","Terrence","Boyd",,"TOR","13","1.18","1.67","1.6","3","0",,"0.03"
"37368","Michael","Bradley",,"TOR","138","6.27","8.33","6.4","12","3","10","1.97"
"248398","Zachary","Brault-Guillard",,"MTL","47","3.92","1","3","12","0","1","0.17"
"152589","Matheus","Bressanelli",,"DAL","69","4.31","1","1.2","15","1","1","0.37"
"424995","Shaft","Brewer Jr.",,"LAFC","4","4","2","1.75","4","4",,"0.02"
"121000","Frederic","Brillant",,"DC","176","5.87","7.33","6.2","14","0","14","0.99"
"244988","Brandt","Bronico",,"CHI","57","2.28","2.67","2.6","6","1","2","0.04"
"449235","Omar","Browne",,"MTL","38","3.8","1.67","2.8","8","0",,"0.04"
"95272","Will","Bruin",,"SEA","27","3","2.67","2","13","0",,"0.34"
"424622","Tajon","Buchanan",,"NE","22","2.2","1","1.8","6","1",,"0.14"
"234226","Rece","Buckmaster",,"NY","9","2.25","2.33","2.25","4","1","1","0.05"
"82524","Teal","Bunbury",,"NE","93","3.44","2","2.4","10","1",,"0.17"
"227123","Cory","Burke",,"PHI","23","3.29","5.33","3.6","8","1",,"0.03"
"109275","Evan","Bush",,"MTL","121","4.03","5","4.2","9","-2","2","1.05"
"427168","Gianluca","Busio",,"SKC","45","2.65","1","1.8","7","1",,"0.2"
"475715","Antonio","Bustamante",,"DC","0","0","0","0","0","0",,"0.05"
"243974","Handwalla","Bwana",,"SEA","30","2","1","1.8","6","1","1","0.06"
"442431","Brandon","Bye",,"NE","94","3.76","3.33","3","10","-4","1","0.54"
"149669","Juan David","Cabezas",,"HOU","27","1.93","3.67","2.4","7","0",,"0.03"
"179846","Victor","Cabrera",,"MTL","67","4.47","4.33","4.2","9","1",,"0.14"
"150276","Juan","Caicedo",,"NE","69","3","2.67","2","12","1","6","0.1"
"219527","Luis Alberto","Caicedo",,"NE","90","3.33","3.67","3.8","7","1","4","0.26"
"209818","Jeff","Caldwell",,"NYC","0","0","0","0","0","0",,"0.26"
"151955","Scott","Caldwell",,"NE","37","2.18","1","1","5","1",,"0.83"
"159710","Alexander","Callens",,"NYC","97","5.11","7","5.4","9","3",,"0.38"
"200786","Eric","Calvillo",,"SJ","2","1","1.33","2.2","1","1",,"0.04"
"99122","Francisco","Calvo",,"CHI","142","5.46","7.33","6.6","14","-2","2","0.63"
"89080","Rudy","Camacho",,"MTL","50","3.57","3.33","2.8","8","0","4","0.1"
"133042","Jonathan","Campbell",,"SEA","17","4.25","3.33","5.6","7","2","4","0.37"
"443517","Diego","Campos",,"CHI","14","1.4","1","0.6","4","0",,"0.25"
"245035","Reggie","Cannon",,"DAL","77","3.35","2","3.2","8","0","1","0.41"
"209819","Russell","Canouse",,"DC","85","3.86","4.67","4","7","1","6","0.05"
"220142","Andrew","Carleton",,"ATL","3","1","1","1.2","1","1",,"0.02"
"95259","Servando","Carrasco",,"LA","15","1.25","0.67","0.8","3","0",,"0.83"
"181958","Julio","Cascante",,"POR","63","2.86","3.67","3","10","-2",,"0.2"
"446090","Cristian","Casseres Jr.",,"NY","84","4.67","2.67","4.2","11","1","1","0.43"
"247670","Valentin","Castellanos",,"NYC","133","5.32","2.67","6.6","17","0","4","5.91"
"53477","Edgar","Castillo",,"NE","83","4.15","4","6","10","0",,"0.13"
"170788","Emanuel","Cecchini",,"SEA","5","1.67","1.67","1.67","3","1","3","0.1"
"117549","Darwin","Ceren",,"HOU","28","2.8","2","3.4","10","1",,"0.05"
"426592","Edwin","Cerrillo",,"DAL","42","3.82","4.33","4.4","6","1",,"0.19"
"445140","Thomas","Chacon",,"MIN","1","1","1","1","1","1",,"0.04"
"57876","Maxime","Chanot",,"NYC","135","5","4.67","6","13","1","5","1.69"
"112998","Jay","Chapman",,"TOR","38","2.24","1.33","1.2","9","1",,"0.06"
"96622","Diego","Chara",,"POR","116","4.83","5.67","6","9","1","6","0.94"
"205295","Michaell","Chirinos",,"VAN","9","4.5","4.5","4.5","9","0","0","0.02"
"425625","Mathieu","Choiniere",,"MTL","34","2.13","3","2.6","6","0",,"0.04"
"42584","Laurent","Ciman",,"TOR","56","3.5","3.33","4","8","1","4","1.06"
"33823","Ricardo","Clark",,"CLB","19","2.71","4.33","3","5","1",,"0.2"
"111806","Steve","Clark",,"POR","97","5.39","5.67","4","11","1","4","3.84"
"245017","Stefan","Cleveland",,"CHI","0","0","3","3.2","0","0",,"0.05"
"423237","Elliot","Collier",,"CHI","0","0","1.67","2","0","0",,"0.01"
"45959","Aur?lien","Collin",,"PHI","19","3.8","2.33","3.8","9","0",,"0.51"
"197011","Cristian","Colman",,"DAL","0","0","1.67","1.4","0","0",,"0.05"
"217788","Josue","Colman",,"ORL","14","1.75","2.67","2.2","4","1",,"0"
"437690","Simon","Colyn",,"VAN","0","0","1","1","0","0",,"0"
"437693","Simon","Colyn",,"VAN","0","0","0","0","0","0",,"0.03"
"218552","Tomas","Conechny",,"POR","31","2.21","2.33","3.4","7","0","4","0.04"
"228760","Derek","Cornelius",,"VAN","53","3.79","4.67","4.2","10","-1",,"0.06"
"102407","Joe","Corona",,"LA","106","4.24","1.33","3","11","1","1","0.42"
"201558","Carlos","Coronel",,"PHI","18","4.5","3.33","4.5","8","2",,"0.09"
"117330","Jorge","Corrales",,"MTL","55","3.06","2.67","2","9","0",,"0.91"
"467478","Cade","Cowell",,"SJ","0","0","0","0","0","0",,"0.5"
"110575","Warren","Creavalle",,"PHI","18","1.64","1.33","2.2","6","1",,"0.02"
"153575","Maxime","Cr?peau",,"VAN","108","4.5","4","4.6","9","1","1","0.41"
"234406","Alex","Crognale",,"CLB","24","2","2.33","2.4","5","1","4","0.39"
"104369","Yohan","Croizet",,"SKC","60","3","1.67","4","9","0",,"0.16"
"101135","Cody","Cropper",,"NE","24","3.43","1.67","3.6","10","-1",,"0.1"
"210473","Allan","Cruz",,"CIN","82","4.1","5.33","5","9","1",,"0.13"
"474153","Emil","Cuello",,"LA","13","1.63","2.33","1.6","5","0",,"0.06"
"99103","Harold","Cummings",,"SJ","71","4.44","4","4.6","11","1",,"0.15"
"172981","Auro Alvaro","da Cruz Junior","Auro","TOR","99","5.5","6.67","6.6","13","1","9","3.6"
"61126","Danilo","da Silva",,"LAFC","9","1.8","1.67","1.8","3","1","1","0.16"
"176403","Pierre","Da Silva",,"ORL","0","0","0.67","0.75","0","0",,"0.02"
"423511","Rashawn","Dally",,"CIN","20","2.22","1","1.2","7","1","1","1.06"
"244377","Aidan","Daniels",,"TOR","0","0","1","1","0","0",,"0.55"
"202195","Abu","Danladi",,"MIN","39","1.86","3","2.2","7","0","1","0.12"
"131372","Sean","Davis",,"NY","107","4.12","4","4.8","10","1","5","0.06"
"152281","Alex","De John",,"ORL","18","3","1.67","3.4","8","1",,"0.09"
"227232","Artur","de Lima Junior","Artur","CLB","94","3.62","4","3.8","6","1","4","0.24"
"60214","A.J.","DeLaGarza",,"HOU","60","2.61","1.33","2","9","0","1","0.76"
"67704","Antonio","Delamea",,"NE","57","4.38","1","4.4","14","-3","-3","0.34"
"165072","Jordy","Delem",,"SEA","48","2.67","2","2.8","7","0",,"0.06"
"110580","Nick","DeLeon",,"TOR","112","4.15","4.33","3","13","1","10","1.43"
"114579","Marky","Delgado",,"TOR","124","4.96","7.67","6","12","2","12","0.97"
"89518","Mathieu","Deplagne",,"CIN","73","2.61","0.67","2","14","-1","1","1.24"
"83274","Tyler","Deric",,"HOU","18","3.6","4","3.6","5","2",,"0.15"
"212029","Justin","Dhillon",,"SEA","9","1.8","1.33","1.8","3","1","1","0.16"
"85682","Zakaria","Diallo",,"MTL","130","5.42","4.33","5.2","10","0",,"0.3"
"475922","Luis","Diaz",,"CLB","32","3.56","5","3.6","10","0","4","0.06"
"423406","Eric","Dick",,"SKC","0","0","0","0","0","0",,"2.28"
"45269","Claude","Dielna",,"POR","37","4.11","6.33","6.2","8","1","5","0.62"
"111847","Adama","Diomande",,"LAFC","107","4.46","4.33","4.4","15","0","7","1.58"
"102626","Clement","Diop",,"MTL","0","0","2","2","0","0",,"0.05"
"424474","Griffin","Dorsey",,"TOR","1","1","1","1","1","1",,"0.04"
"40275","Giovani","dos Santos",,"LA","0","0","1","4","0","0",,"0"
"76688","Jonathan","dos Santos",,"LA","156","6.5","6","6","13","2","7","1.68"
"474163","Hassani","Dotson",,"MIN","71","3.94","5","4.2","9","1","8","0.59"
"244899","Kyle","Duncan",,"NY","32","3.56","2.67","3.4","6","1",,"0.08"
"421818","Julian","Dunn",,"TOR","0","0","2","2","0","0",,"0.37"
"211988","Chris","Durkin",,"DC","36","2.77","1","2.6","7","1",,"0.03"
"131840","Chris","Duvall",,"HOU","2","2","3.33","4.2","2","2",,"0.03"
"60318","Dom","Dwyer",,"ORL","73","3.04","1.33","1.4","9","-2","2","0.59"
"235290","Jeremy","Ebobisse",,"POR","97","3.46","3.33","2.6","8","0","6","1.74"
"228605","Raheem","Edwards",,"CHI","12","3","2","3.2","6","1",,"0.09"
"130049","Earl","Edwards Jr.",,"DC","0","0","2.67","2.6","0","0",,"0.4"
"447557","Phillip","Ejimadu",,"LAFC","0","0","0","0","0","0",,"0.29"
"110954","Mohamed","El-Munir",,"LAFC","33","2.54","1.67","2","7","1","2","0.24"
"173145","Alberth","Elis",,"HOU","121","5.76","4","2.8","19","-3","4","0.35"
"245012","Jack","Elliott",,"PHI","148","5.1","4.67","5.6","11","1","3","0.62"
"135300","Tsubasa","Endoh",,"TOR","30","3.75","3.67","3.6","7","2","5","0.19"
"245020","Marcus","Epps",,"NY","4","1.33","1.33","1.4","2","1",,"0.02"
"38413","Jon","Erice",,"VAN","84","4","3.67","4.2","8","1","1","0.08"
"66553","Magnus","Eriksson",,"SJ","183","7.04","10.67","8.8","15","1","10","2.98"
"193891","Franco","Escobar",,"ATL","100","5","4.33","4.4","13","0","0","0.46"
"170799","Cristian","Espinoza",,"SJ","156","6.24","8","7.2","15","1","10","0.85"
"50105","Roger","Espinoza",,"SKC","32","2.67","3","3.2","9","-1","3","0.1"
"220752","Derrick","Etienne Jr.",,"CIN","31","2.21","1.33","1.4","6","1",,"0.26"
"53643","Marco","Fabian",,"PHI","79","4.16","2.33","5.8","17","-2","3","0.27"
"95284","Diego","Fagundez",,"NE","60","2.86","2.67","3","9","-1",,"0.11"
"242130","Marco","Farfan",,"POR","8","2.67","2.67","3","7","0",,"0.03"
"151940","Andrew","Farrell",,"NE","99","4.13","5.33","4.2","9","1","6","0.73"
"20525","Benny","Feilhaber",,"SKC","102","3.92","5.33","5","13","0","8","0.42"
"223215","Luis","Felipe",,"SJ","2","0.67","0.67","1.2","1","0",,"0.03"
"44871","Rolf","Feltscher",,"LA","77","3.85","2","3","10","-1","2","0.31"
"109320","Gerso","Fernandes",,"SKC","89","4.45","1.33","2.4","15","1","2","0.64"
"170847","Brian","Fernandez",,"POR","101","6.31","4","5.6","14","2","6","6.86"
"204254","Omir","Fernandez",,"NY","42","2.63","1","1","7","1","1","0.11"
"224372","Jesus","Ferreira",,"DAL","122","4.36","5.33","5","13","1","8","0.71"
"109326","Marcelo","Ferreira","Marcelo","CHI","41","2.73","1.33","2.4","10","1",,"0.12"
"102224","Carlos","Fierro",,"SJ","4","1","1","1","1","1","1","0.03"
"34285","Maynor","Figueroa",,"HOU","84","4","2","2","10","1","3","0.39"
"110583","Ethan","Finlay",,"MIN","98","3.63","2","5.6","13","1",,"0.36"
"224546","Nicolas","Firmino",,"NE","0","0","0","0","0","0",,"0.98"
"202378","Oniel","Fisher",,"DC","0","0","3","3.2","0","0",,"0.04"
"98925","Andres","Flores",,"POR","37","2.85","4.67","3.6","8","1",,"0.1"
"201397","Anthony","Fontana",,"PHI","15","2.14","2.67","2.6","6","1","1","0.04"
"61559","Andreu","Fontas",,"SKC","38","2.92","3","2.4","6","1",,"0.13"
"234251","Kortne","Ford",,"COL","0","0","3.67","2.6","0","0",,"0.02"
"121332","Waylon","Francis",,"CLB","63","3.71","3","2.4","11","1",,"0.12"
"140040","Przemyslaw","Frankowski",,"CHI","114","4.22","8","6","12","1","12","0.21"
"225061","Liam","Fraser",,"TOR","39","4.33","4.33","4.4","6","3",,"0.2"
"439940","Tyler","Freeman",,"SKC","0","0","0","0","0","0",,"0.74"
"247671","Matt","Freese",,"PHI","14","2.33","2.33","2.6","5","1",,"3.88"
"60238","Stefan","Frei",,"SEA","129","4.45","4","3.2","10","1","4","2.2"
"196287","Alejandro","Fuenmayor",,"HOU","18","3.6","3.33","3.6","5","2",,"0.13"
"426120","Gilbert","Fuentes",,"SJ","1","1","1","1","1","1",,"0.04"
"110974","Raymon","Gaddis",,"PHI","104","3.59","2.33","2.4","11","0","3","0.5"
"56491","Nicolas","Gaitan",,"CHI","127","5.52","3","4.6","23","-2","2","0.84"
"234618","Jon","Gallagher",,"ATL","0","0","0","0","0","0",,"0.03"
"204556","Erickson","Gallardo",,"TOR","7","2.33","2.33","2.33","4","1","1","0.12"
"55209","Boniek","Garcia",,"HOU","94","3.62","3.33","2.8","6","1","2","0.22"
"111536","Kevin","Garcia",,"HOU","22","2","1","1.6","4","1","1","0.38"
"110209","Greg","Garza",,"CIN","24","2.67","1.33","2","10","0","2","0.23"
"41921","Shkelzen","Gashi",,"COL","0","0","2","2.6","0","0",,"0"
"198923","Chase","Gasper",,"MIN","48","4.36","4.67","6","9","0",,"0.59"
"226306","Logan","Gdula",,"CIN","0","0","0","0","0","0",,"0.04"
"88554","Carles","Gil",,"NE","218","7.52","4.67","7","16","1","3","4.42"
"170843","Victor","Giro","PC","VAN","37","2.18","1","1.6","8","1",,"0.53"
"183390","Justen","Glad",,"RSL","100","5.26","7.67","6.2","11","1","3","0.59"
"99117","Anibal","Godoy",,"SJ","70","5","4","4.2","9","3",,"0.21"
"122836","Erik","Godoy",,"VAN","118","4.37","4.67","5","11","1",,"1.02"
"246099","Ruan","Gomes Costa da Silva","Ruan","ORL","91","4.33","6.33","4.4","12","1","6","0.27"
"105021","Giancarlo","Gonzalez",,"LA","56","3.29","1.33","1.2","9","-1","-1","0.28"
"157489","Jesse","Gonzalez",,"DAL","106","3.93","2.67","2.6","9","0","2","0.38"
"60218","Omar","Gonzalez",,"TOR","40","4.44","3","3","11","3","3","2.64"
"95780","Leandro","Gonzalez Pirez",,"ATL","163","6.27","8.67","5.6","17","-5","3","1.96"
"220147","Chris","Goslin",,"ATL","0","0","0","0","0","0",,"0.03"
"81185","Jan","Gregus",,"MIN","153","6.38","6.67","7.2","14","3","8","1.26"
"244997","Julian","Gressel",,"ATL","165","5.89","4.33","5.6","24","1","2","0.79"
"210841","Adam","Grinwis",,"ORL","0","0","4.67","5.2","0","0",,"0.03"
"147744","Carlos","Gruezo",,"DAL","47","5.22","3.33","3.4","10","2",,"0.39"
"149779","Alejandro","Guido",,"LAFC","0","0","0","0","0","0",,"0.03"
"83725","Felipe","Gutierrez",,"SKC","169","6.26","5","3.8","19","0",,"0.89"
"234219","Jeremiah","Gutjahr",,"CHI","17","2.13","0.67","1.2","5","0",,"0.23"
"234214","Andrew","Gutman",,"CIN","6","1.2","0.33","1.2","3","0","1","0.17"
"41705","Brad","Guzan",,"ATL","160","5.71","7","6.8","10","1","3","2.36"
"77756","David","Guzman",,"CLB","49","2.72","1","1.8","7","0","1","0.14"
"87337","Edwin","Gyasi",,"DAL","4","1","1","1","1","1",,"0.02"
"111253","Joseph-Claude","Gyau",,"CIN","4","1.33","1.33","1.33","2","1","2","0.02"
"427396","Justin","Haak",,"NYC","2","1","1","1","1","1",,"0.96"
"132113","Nick","Hagglund",,"CIN","55","3.06","1","1.2","9","-1","0","4.36"
"234669","Jimmy","Hague",,"CIN","0","0","0","0","0","0",,"0.38"
"177954","Marlon","Hairston",,"HOU","18","1.5","2.33","2","4","1",,"0.06"
"474177","Siad","Haji",,"SJ","1","1","1","1","1","1",,"0"
"214832","Niko","Hamalainen",,"LAFC","9","3","3","3","4","1",,"0.03"
"82834","Bill","Hamid",,"DC","153","5.28","5","4.4","13","0","9","1.4"
"113002","Jordan","Hamilton",,"CLB","46","2.88","1","1","11","1","1","3.83"
"244998","Niko","Hansen",,"HOU","13","1.18","1.33","1.4","2","1","1","0.06"
"41599","Jordan","Harvey",,"LAFC","137","5.27","1.33","3.6","16","1","2","2.6"
"88147","Nicolas","Hasler",,"SKC","28","2.33","0.67","2.4","8","0",,"1.38"
"226309","Jacori","Hayes",,"DAL","41","2.73","2","2.6","6","0",,"0.81"
"110592","Matt","Hedges",,"DAL","134","4.79","3.33","3","12","-2","3","0.55"
"103903","Adam","Henley",,"RSL","0","0","1","2.2","0","0",,"0"
"88812","Doneil","Henry",,"VAN","97","4.62","3.33","2.4","12","0","1","0.62"
"221475","Fabian","Herbers",,"CHI","34","2.43","2","2","8","1","1","0.09"
"209256","Zachary","Herivaux",,"NE","0","0","1.67","1.4","0","0",,"0.02"
"247682","Felipe","Hernandez",,"SKC","1","1","1","1","1","1","1","0.05"
"173423","Jose","Hernandez",,"ATL","0","0","2","2","0","0",,"0.02"
"95279","Moises","Hernandez",,"DAL","0","0","0","0","0","0",,"0.02"
"248022","Aaron","Herrera",,"RSL","122","4.69","4.33","3.6","12","-1","2","0.81"
"47681","Federico","Higuain",,"CLB","65","4.64","3.33","4.8","13","1",,"0.07"
"149674","Cristian","Higuita",,"ORL","28","4","4.67","4.4","9","0","5","0.08"
"197421","Tomas","Hilliard-Arce",,"LA","0","0","2","3.2","0","0",,"0.01"
"54980","Danny","Hoesen",,"SJ","76","3.17","2.33","2.8","13","1","1","0.16"
"130056","Ryan","Hollingshead",,"DAL","169","5.83","8.67","7","11","1","9","1.51"
"244897","Erik","Holt",,"RSL","9","2.25","2.67","2.25","4","1",,"0.05"
"201360","Andre","Horta",,"LAFC","7","1.75","1.67","1.6","3","1",,"0"
"88460","Alex","Horwath",,"RSL","0","0","0","0","0","0",,"2.67"
"15337","Tim","Howard",,"COL","89","3.87","4.67","3.2","11","0",,"1.46"
"16248","Justin","Hoyte",,"CIN","35","2.06","1.67","1.8","5","-1",,"1.98"
"250677","Matt","Hundley",,"COL","0","0","0","0","0","0",,"0.7"
"151953","Erik","Hurtado",,"SKC","26","3.25","4.67","3.4","9","1","2","0.69"
"455605","Inbeom","Hwang",,"VAN","126","4.2","3","3.6","8","0","2","0.82"
"122342","Emerson","Hyndman",,"ATL","24","2.67","1.67","1.8","7","1","3","0.1"
"110596","Miguel","Ibarra",,"MIN","60","2.73","2.67","2.6","8","1",,"0.17"
"153089","Romario","Ibarra",,"MIN","24","3","1","2.2","9","1",,"0.05"
"131371","Sebastien","Ibeagha",,"NYC","50","2.78","1.67","1.4","11","0","3","0.89"
"9808","Zlatan","Ibrahimovic",,"LA","206","8.96","13.67","11.8","18","1","13","9.34"
"118738","Clint","Irwin",,"COL","33","4.13","7.33","5","10","0","7","2.67"
"151534","Aljaz","Ivacic",,"POR","0","0","0","0","0","0",,"0.04"
"178809","Andreas","Ivan",,"NY","35","2.92","2.67","2.6","10","1",,"0.02"
"249537","Niki","Jackson",,"COL","4","1","1","1","1","1","1","0.13"
"184610","Anthony","Jackson-Hamel",,"MTL","43","2.69","3.33","2.4","11","1",,"0.13"
"204843","Modou","Jadama",,"POR","2","2","1.5","1.5","2","2",,"0.47"
"60536","Dejan","Jakovic",,"LAFC","6","2","2","1.8","4","1",,"0.06"
"177978","Bradford","Jamieson IV",,"LA","0","0","1.33","1.2","0","0",,"0.04"
"85601","Robin","Jansson",,"ORL","103","4.29","2.33","4.4","10","-2","2","0.17"
"64140","Leonardo","Jara",,"DC","138","4.93","1.33","1.8","14","1","1","0.83"
"94934","Hector","Jimenez",,"CLB","71","3.09","3.33","3","7","1",,"0.09"
"198270","Sam","Johnson",,"RSL","78","3.71","1.33","2.4","12","0","1","0.19"
"78013","Sean","Johnson",,"NYC","111","4.83","6.33","6.8","11","-1",,"2.48"
"39276","Will","Johnson",,"ORL","76","4.22","4.67","4.6","10","1",,"0.34"
"234675","DeJuan","Jones",,"NE","52","2.89","3.33","3.8","8","1","1","0.2"
"230802","Derrick","Jones",,"PHI","2","1","1","2.2","1","1",,"0.01"
"111114","Joevin","Jones",,"SEA","31","2.58","2.33","2.8","9","1",,"0.21"
"447810","Mathias","Jorgensen",,"NY","4","0.8","0.67","0.8","1","0",,"0.06"
"51937","Florian","Jungwirth",,"SJ","135","5.63","6","4.4","12","2","9","1.79"
"423492","Sam","Junqua",,"HOU","0","0","0","0","0","0",,"0.24"
"186250","Brent","Kallman",,"MIN","75","4.69","5","4","12","0","9","0.44"
"41493","Kei","Kamara",,"COL","116","4.64","2","5","17","0",,"0.64"
"55758","Ola","Kamara",,"DC","23","5.75","7.33","7.4","12","1","12","0.06"
"156919","Alec","Kann",,"ATL","0","0","5","3.8","0","0",,"0.06"
"86898","Johan","Kappelhof",,"CHI","105","4.2","5","4.6","12","0","4","0.13"
"57304","Guram","Kashia",,"SJ","71","4.18","4.33","4","11","0","9","0.22"
"83055","Aleksandar","Katai",,"CHI","131","5.24","5.67","4.6","13","-2","11","0.92"
"227731","Mark-Anthony","Kaye",,"LAFC","161","6.19","5.67","5.2","16","1",,"0.47"
"120764","Kim","Kee-hee",,"SEA","106","4.24","2.33","2.2","10","-1","2","1.47"
"425248","Aboubacar","Keita",,"CLB","20","2.86","2.67","3","4","1","4","0.32"
"90644","Jon","Kempin",,"CLB","8","2.67","2.67","3","3","2",,"0.2"
"467743","Jasser","Khmiri",,"VAN","0","0","0","0","0","0",,"0.02"
"425640","Daniel","Kinumbe",,"MTL","2","2","2","2","2","2",,"0.66"
"95277","Perry","Kitchen",,"LA","32","4","4.33","4","10","1",,"0.13"
"41703","Sacha","Kljestan",,"ORL","60","2.73","2.33","2.6","9","-1",,"0.23"
"41556","Brad","Knighton",,"NE","17","2.43","2.67","2.4","4","1",,"0.15"
"226376","Jean-Christophe","Koffi",,"NY","0","0","0","0","0","0",,"0.03"
"66857","Kevin","Kratz",,"ATL","1","1","1","1.2","1","1",,"0.06"
"68431","Damir","Kreilach",,"RSL","122","4.69","4.67","6","13","-2","4","0.5"
"40276","Bojan","Krkic",,"MTL","19","3.8","5.33","3.8","8","1","3","0.23"
"234764","Ken","Krolicki",,"MTL","19","1.9","2.67","1.8","4","0",,"0.17"
"49761","Kenneth","Kronholm",,"CHI","65","4.06","6.33","5.6","10","0","5","0.32"
"249242","Lagos","Kunga",,"ATL","0","0","0","0","0","0",,"0.02"
"109699","Connor","Lade",,"NY","41","3.73","1.67","2","15","0",,"0.12"
"18681","Roland","Lamah",,"CIN","78","3.25","2.67","3.6","8","1","1","0.15"
"110118","Matt","Lampson",,"LA","0","0","2.33","2.4","0","0",,"0.05"
"198572","Foster","Langsdorf",,"POR","2","1","1","1","1","1",,"0.92"
"193194","Lassi","Lappalainen",,"MTL","37","5.29","2","4.4","15","1","2","0.55"
"41551","Jeff","Larentowicz",,"ATL","59","2.36","2.67","2.8","7","0","4","0.15"
"221403","Richie","Laryea",,"TOR","54","3","1.33","2","7","0",,"0.17"
"212010","Forrest","Lasso",,"CIN","19","3.8","1","3.8","10","0",,"0.07"
"170827","Kemar","Lawrence",,"NY","65","3.61","1.33","1.4","14","0","2","0.43"
"51295","Emmanuel","Ledesma",,"CIN","95","4.52","6.33","5","10","-1","8","0.38"
"58634","Kelvin","Leerdam",,"SEA","111","4.63","2","1.4","14","-1","1","2.89"
"178386","Brooks","Lennon",,"RSL","69","2.88","3.67","2.8","10","1",,"0.34"
"231573","Brett","Levis",,"VAN","7","0.88","1.67","0.8","3","-1",,"0.09"
"213295","Jonathan","Lewis",,"COL","72","3.79","7","4.8","14","0","6","1.76"
"440251","Danny","Leyva",,"SEA","18","3","3","3.4","6","1","1","0.55"
"234193","Grant","Lillard",,"CHI","7","1.75","1.67","1.6","2","1",,"0.06"
"174109","Nick","Lima",,"SJ","68","3.4","2","3","13","0",,"0.54"
"244768","Cam","Lindley",,"ORL","0","0","2","2","0","0",,"0.01"
"220205","Jaylin","Lindsey",,"SKC","0","0","4","3.2","0","0",,"0.04"
"88534","Sebastian","Lletget",,"LA","96","4","5.33","4.4","9","0","8","0.27"
"108839","Robin","Lod",,"MIN","8","2","2.33","2","3","1",,"0.01"
"77992","Nicol?s","Lodeiro",,"SEA","190","7.6","5.67","5.8","15","2","4","5.55"
"163541","Aaron","Long",,"NY","85","4.47","3.33","3.2","11","1","3","0.59"
"226025","Marcos","Lopez",,"SJ","59","3.69","5.33","4.2","9","-1","7","0.16"
"247622","Marvin","Loria",,"POR","37","2.64","1","1","10","1","1","0.6"
"234377","Evan","Louro",,"NY","0","0","0","0","0","0",,"0.2"
"177928","Daniel","Lovitz",,"MTL","90","3.6","2","1.2","14","-1","2","0.49"
"442446","Ben","Lundgaard",,"CLB","0","0","0","0","0","0",,"0.35"
"170945","Adam","Lundkvist",,"HOU","83","3.77","4.33","3.8","10","0","4","0.35"
"128117","Ben","Lundt",,"CIN","0","0","0","0","0","0",,"0.66"
"41004","Larrys","Mabiala",,"POR","85","4.47","4.67","4.2","11","0",,"0.57"
"43194","Gary","Mackay-Steven",,"NYC","27","3","3.67","2.6","7","1","3","0.23"
"95276","Zac","MacMath",,"VAN","21","3.5","4.67","3.4","6","1",,"0.27"
"234725","Connor","Maloney",,"CLB","18","3","4","3.4","5","1","5","0.07"
"28565","Michael","Mancienne",,"NE","45","3.46","2.67","3.8","8","0","1","0.16"
"442461","Carter","Manley",,"MIN","0","0","1","1.4","0","0",,"0.39"
"151952","Kekuta","Manneh",,"CIN","74","2.85","2.33","1.8","12","-1",,"0.15"
"20487","Vito","Mannone",,"MIN","153","5.46","6","5.6","15","1","11","1.65"
"177658","Mauro","Manotas",,"HOU","140","5.38","7.33","6","13","1",,"1.85"
"226384","JT","Marcinkowski",,"SJ","0","0","4.33","3.8","0","0",,"0.3"
"423062","Paul","Marie",,"SJ","12","1.71","2","1.8","5","0",,"0.28"
"33808","Chad","Marshall",,"SEA","41","5.13","2.67","5","9","2",,"0.2"
"131841","Collin","Martin",,"MIN","11","3.67","3.67","3","7","1",,"0.05"
"226637","Cristian","Martinez",,"CHI","5","1","1","1","1","1",,"0.04"
"111686","Josef","Martinez",,"ATL","199","7.96","8","9","14","2","8","3.14"
"170797","Pity","Martinez",,"ATL","129","4.78","5","5.8","11","1","5","0.46"
"153399","Tomas","Martinez",,"HOU","105","3.89","2","2.6","11","1","1","0.46"
"56812","Felipe","Martins",,"DC","68","2.96","4.33","4","9","0","9","0.06"
"107617","Luis","Martins",,"SKC","18","3.6","5.33","3.6","8","0","1","0.27"
"180593","Ronald","Matarrita",,"NYC","83","4.61","4","3.6","12","1",,"0.9"
"110608","Darren","Mattocks",,"CIN","69","3.45","1.33","4.2","9","1","1","0.28"
"95778","Jimmy","Maurer",,"DAL","11","5.5","4","4.6","9","2",,"0.25"
"68259","Chris","Mavinga",,"TOR","82","3.9","3","2.6","11","0",,"1.19"
"446568","Olivier","Mbaizo",,"PHI","16","5.33","5.33","5.33","11","1",,"0.19"
"474171","Tommy","McCabe",,"CIN","0","0","0","0","0","0",,"0.07"
"20491","Chris","McCann",,"DC","14","2.33","3","2","7","0",,"0.08"
"41626","Dax","McCarty",,"CHI","135","4.82","3","4","7","3","3","1.2"
"220458","Jordan","McCrary",,"SEA","0","0","3.33","3.4","0","0",,"0"
"427839","Erik","McCue",,"HOU","0","0","0","0","0","0",,"0.36"
"226386","Brendan","McDonough",,"VAN","3","3","3","3","3","3",,"0.17"
"164479","Kendall","McIntosh",,"POR","0","0","0","0","0","0",,"0.52"
"201401","Mark","McKenzie",,"PHI","9","3","3","3.8","4","1","4","0.08"
"102553","Jimmy","McLaughlin",,"CIN","0","0","0","0","0","0",,"0.03"
"177930","Thomas","McNamara",,"HOU","59","2.19","3.33","3.2","11","0","2","0.09"
"110609","Ryan","Meara",,"NY","4","4","5.33","4.4","4","4",,"0.07"
"167227","Jesus","Medina",,"NYC","45","3.21","6.33","4.2","11","0","11","0.3"
"169013","Jimmy","Medranda",,"SKC","12","1.5","1","1.8","5","1","1","0.11"
"28188","Haris","Medunjanin",,"PHI","174","6","5.67","7.2","12","2","9","0.63"
"225054","Thomas","Meilleur-Giguere",,"MTL","0","0","0","0","0","0",,"0.33"
"111750","Lucas","Melano",,"POR","8","1","1","1","1","1",,"0.03"
"86938","Tim","Melia",,"SKC","121","4.32","7","5.4","15","0","3","0.97"
"112544","Sean","Melvin",,"VAN","0","0","0","0","0","0",,"0.46"
"194730","Jhegson","Mendez",,"ORL","81","4.05","5","4.4","8","0",,"0.14"
"66905","Jonathan","Mensah",,"CLB","77","3.85","1.67","2.4","9","0",,"0.15"
"94368","Justin","Meram",,"ATL","74","3.22","4","4.2","13","1","2","0.39"
"107672","Bryan","Meredith",,"SEA","0","0","1","0.6","0","0",,"0.05"
"85595","Romain","Metanire",,"MIN","139","6.62","6","6.6","14","1","9","2.42"
"87984","Nicol?s","Mezquida",,"COL","89","3.3","4","2.8","14","0","10","0.58"
"451038","Benji","Michel",,"ORL","38","2.71","3.33","3","7","1","7","1.51"
"246874","Djordje","Mihailovic",,"CHI","79","3.29","2.67","2.6","11","0","4","0.22"
"164480","Eric","Miller",,"NYC","24","2.67","1","1","8","0","1","0.41"
"248399","Kamal","Miller",,"ORL","44","3.14","3","4","7","0",,"1.3"
"202361","Tyler","Miller",,"LAFC","129","5.38","5.33","6","10","2","2","2.05"
"204261","Ben","Mines",,"NY","0","0","8","8","0","0",,"0.11"
"120621","Alexandru","Mitrita",,"NYC","109","4.54","7","4.8","12","1","6","2.07"
"49381","Wilfried","Moimbe",,"MIN","17","8.5","8.5","8.5","9","8","9","0.48"
"106264","Youness","Mokhtar",,"CLB","11","2.75","2.67","2.75","4","1","1","0"
"77952","Kevin","Molino",,"MIN","60","4.62","4.33","4.2","11","1","1","0.22"
"217119","Jamiro","Monteiro",,"PHI","138","6.57","5","4.4","13","1","4","0.29"
"57252","Fredy","Montero",,"VAN","107","3.82","2.67","3.4","11","-2","4","0.45"
"474180","Callum","Montgomery",,"DAL","0","0","0","0","0","0",,"0.02"
"41627","Drew","Moor",,"TOR","47","3.62","2","2.4","9","1",,"0.4"
"205550","Brendan","Moore",,"ATL","0","0","0","0","0","0",,"0.28"
"205285","Joseph","Mora",,"DC","62","3.88","5.67","4.6","10","0","10","0.21"
"55831","Maximiliano","Moralez",,"NYC","197","7.88","8.33","8.6","23","1","7","9.15"
"78116","Jorge","Moreira",,"POR","119","5.95","6.33","6.6","14","2","6","3.96"
"148707","Amando","Moreno",,"CHI","8","1.14","1.33","1.2","2","1",,"0.17"
"149231","Junior","Moreno",,"DC","114","4.56","4.33","3.4","14","-1","6","0.93"
"95630","Ashtone","Morgan",,"TOR","12","1.71","3","1.8","7","-1","1","0.07"
"172483","Jordan","Morris",,"SEA","109","5.19","5.33","5.4","14","1",,"0.35"
"83065","Justin","Morrow",,"TOR","91","3.5","2.33","2.4","9","-1",,"0.79"
"225030","Santiago","Mosquera",,"DAL","59","3.28","4.67","4.2","10","1",,"0.03"
"443002","Joao","Moutinho",,"ORL","64","4.27","4","4.4","10","1",,"0.12"
"234345","Chris","Mueller",,"ORL","93","3.58","1.33","2.8","11","1","1","0.69"
"153453","Luke","Mulholland",,"RSL","0","0","4.33","4.4","0","0",,"0.02"
"116661","Patrick","Mullins",,"TOR","29","1.93","3.67","3.6","7","1","7","0.83"
"204401","Michael","Murillo",,"NY","96","4.8","4","3.2","19","-2","1","0.61"
"224642","Trey","Muse",,"SEA","0","0","0","0","0","0",,"0.31"
"220753","Alex","Muyl",,"NY","71","3.55","3","4.4","11","0",,"0.08"
"95261","Darlington","Nagbe",,"ATL","132","4.89","6","5.2","9","1","9","0.45"
"247041","Hassan","Ndam",,"CIN","0","0","1.33","0.8","0","0",,"0.02"
"477535","Sean","Nealis",,"NY","11","2.2","2.33","2.2","4","0",,"0.05"
"200784","John","Nelson",,"DAL","17","1.89","2.67","2.6","5","1",,"0.99"
"442466","Michael","Nelson",,"HOU","0","0","0","0","0","0",,"0.26"
"42512","Krisztian","Nemeth",,"SKC","77","4.05","3","2.4","18","1",,"0.56"
"245005","Jake","Nerwinski",,"VAN","73","2.92","3.67","2.4","7","0","1","0.37"
"449686","Michee","Ngalina",,"PHI","1","1","1","1","1","1",,"0.05"
"28580","Lee","Nguyen",,"LAFC","64","3.37","5","4.2","10","0","4","1.05"
"132134","Sam","Nicholson",,"COL","75","3.41","5","5.2","8","1","8","0.25"
"82064","Nemanja","Nikolic",,"CHI","107","3.96","6.33","6.4","15","0","2","0.24"
"247683","David","Norman Jr.",,"VAN","0","0","0","0","0","0",,"0.02"
"86879","Harry","Novillo",,"MTL","28","2.55","3","2.2","8","1",,"0.01"
"118230","Shane","O'Neill",,"ORL","36","3.6","4.33","3.4","9","1",,"0.12"
"429428","Alfonso","Ocampo-Chavez",,"SEA","4","1.33","1.33","1.33","2","1",,"0.34"
"250679","David","Ochoa",,"RSL","0","0","0","0","0","0",,"0.41"
"163523","Jimmy","Ockford",,"SJ","0","0","4","3.4","0","0",,"0.01"
"234432","Chris","Odoi-Atsem",,"DC","5","1.67","1.67","1.2","4","0",,"0.04"
"164489","Ebenezer","Ofori",,"NYC","65","3.82","2.67","3.4","10","1",,"0.14"
"421819","Noble","Okello",,"TOR","0","0","0","0","0","0",,"0.31"
"422516","Patrick","Okonkwo",,"ATL","0","0","0","0","0","0",,"0.65"
"218350","Orji","Okwonkwo",,"MTL","83","3.46","3.67","3.2","13","1","2","0.16"
"106519","Lawrence","Olum",,"MIN","22","2.75","4","3.2","6","1","6","0.24"
"442451","Wyatt","Omsberg",,"MIN","0","0","2.33","2.2","0","0",,"0.46"
"69168","Zdenek","Ondrasek",,"DAL","44","3.38","11","7","16","1","11","0.25"
"19053","Nedum","Onuoha",,"RSL","102","4.64","5","5.4","11","0","3","0.37"
"78023","Ike","Opara",,"MIN","145","6.04","4.67","6.6","17","1","9","1.74"
"151935","Kofi","Opare",,"COL","3","1","1","1.4","2","0",,"0.05"
"443538","Edward","Opoku",,"CLB","0","0","1.33","1.2","0","0",,"0.06"
"153647","Jonathan","Osorio",,"TOR","90","4.5","3.33","3","12","0",,"0.18"
"52629","David","Ousted",,"CHI","64","4.57","4.33","5.8","9","1",,"0.94"
"225053","James","Pantemis",,"MTL","0","0","0","0","0","0",,"0.24"
"217784","Cristhian","Paredes",,"POR","77","4.53","3.67","6","17","1",,"0.41"
"202356","Tim","Parker",,"NY","81","3.12","1.33","1.6","9","-2","2","0.21"
"41552","Michael","Parkhurst",,"ATL","72","4","3.33","2.4","9","0",,"0.85"
"244299","Keaton","Parks",,"NYC","52","2.74","2.67","2.6","11","0","2","0.25"
"423553","Kevin","Partida",,"SJ","1","1","1.33","1.5","1","1",,"0.25"
"474169","Santiago","Pati?o",,"ORL","27","2.7","3","3.2","7","1","1","0.15"
"50051","Caleb","Patterson-Sewell",,"TOR","0","0","0","0","0","0",,"0.09"
"173220","Cristian","Pavon",,"LA","35","7","7.67","7","12","2","9","2.38"
"118377","Marquinhos","Pedroso",,"DC","15","2.5","1.67","2.8","7","1",,"0.06"
"178799","Ronaldo","Pe?a",,"HOU","2","0.67","0.67","0.4","2","0",,"0.27"
"153082","Cristian","Penilla",,"NE","104","4.16","3.67","2.8","11","1","2","0.31"
"439742","Ricardo","Pepi",,"DAL","6","1.2","1","1.2","2","1","1","0.11"
"243532","Dion","Pereira",,"ATL","30","2","1","1.8","6","1","1","0.21"
"45120","Ilson","Pereira","Ilsinho","PHI","88","3.83","4.67","3.8","15","1","4","0.38"
"78103","Mauricio","Pereyra",,"ORL","4","2","2","2","3","1",,"0.03"
"451489","Adrien","Perez",,"LAFC","14","1.56","2.67","2","6","1","6","0.28"
"474174","Javi","Perez",,"LAFC","1","1","1","1","1","1",,"0.47"
"176415","Josh","Perez",,"LAFC","28","2.15","4.33","3","9","1","3","0.23"
"37996","Ignacio","Piatti",,"MTL","36","4.5","3.33","2.4","13","0",,"0.1"
"196762","Fafa","Picault",,"PHI","75","2.78","1","2.2","8","0","1","0.04"
"182906","Samuel","Piette",,"MTL","77","3.67","3.67","3.6","7","2","4","0.06"
"234404","Donovan","Pines",,"DC","45","4.5","4","4.2","9","1",,"0.27"
"95278","Joao","Plata",,"RSL","20","1.43","2.67","2","6","1","1","0.12"
"79237","Florentin","Pogba",,"ATL","44","4.89","8.67","5.8","9","1",,"0.55"
"50768","Diego","Polenta",,"LA","119","5.17","3.67","5","11","-1","4","0.67"
"179298","Andy","Polo",,"POR","31","2.38","2.33","3.2","6","1","2","0.11"
"224377","Paxton","Pomykal",,"DAL","102","4.86","3","4.8","15","1","3","0.72"
"60152","Chris","Pontius",,"LA","43","2.87","2.67","2","9","1",,"0.16"
"177984","Justin","Portillo",,"RSL","2","0.67","0.67","0.67","3","-2",,"0.06"
"153264","Alvas","Powell",,"CIN","34","2.62","2.33","2","8","0",,"0.08"
"78015","Dillon","Powers",,"ORL","27","3.86","3.33","3.2","7","2","2","0.47"
"89238","Alejandro","Pozuelo",,"TOR","188","7.52","4.33","4.2","20","0","9","13.41"
"114041","Jack","Price",,"COL","123","5.35","5.33","4.6","21","1","7","0.99"
"107091","Kacper","Przybylko",,"PHI","141","6.41","10.33","9.2","16","1","13","0.87"
"234586","Andrew","Putna",,"RSL","23","5.75","4.67","5.2","9","3",,"0.61"
"88940","Valeri","Qazaishvili","Vako","SJ","138","5.31","5","6","16","1","8","1.77"
"59403","Carlos Darwin","Quintero",,"MIN","122","4.88","2","3","18","1","1","1.12"
"119575","Romell","Quioto",,"HOU","50","2.78","0","2","10","-2",,"0.09"
"186679","Joel","Qwiberg",,"SJ","0","0","2","1.8","0","0",,"0"
"226305","Sam","Raben",,"COL","0","0","0","0","0","0",,"0.02"
"62535","Jukka","Raitala",,"MTL","79","3.29","1.67","1.4","10","0","1","0.23"
"163397","Christian","Ramirez",,"HOU","73","3.48","1.33","2.6","10","0","3","0.19"
"211539","Greg","Ranjitsingh",,"ORL","7","3.5","3.5","3.5","5","2",,"0.08"
"224029","Andre","Rawls",,"COL","0","0","0","0","0","0",,"0.38"
"201405","Matthew","Real",,"PHI","4","2","1.33","2.8","4","0",,"0.04"
"194102","Eric","Remedi",,"ATL","84","3.5","2.67","2.2","6","1","2","0.11"
"220150","Justin","Rennicks",,"NE","4","2","2","2","2","2",,"0.07"
"156787","Yordy","Reyna",,"VAN","106","4.82","6","6.4","10","1","7","0.34"
"223353","Bryan","Reynolds",,"DAL","13","1.3","1","1","4","1",,"3.25"
"426473","Andre","Reynolds II",,"CHI","0","0","0","0","0","0",,"0.64"
"172761","Spencer","Richey",,"CIN","75","3.95","5","3.2","10","-1",,"0.4"
"62839","Tosaint","Ricketts",,"VAN","12","3","3.67","2.6","5","1","5","0.02"
"15310","Nick","Rimando",,"RSL","112","4.67","6.33","5.8","10","1","4","0.64"
"88909","Alexander","Ring",,"NYC","151","5.81","6.67","5.8","16","2","10","2.46"
"55111","Andres","Rios",,"SJ","11","2.75","3.33","2.75","6","1","1","0.02"
"426630","Thomas","Roberts",,"DAL","12","2","2","2","3","1",,"0.04"
"131839","Jalen","Robinson",,"DC","22","2.2","1.67","1.8","8","1",,"0.35"
"241500","Miles","Robinson",,"ATL","177","6.32","8.33","8","12","0","3","2.34"
"41210","Luis","Robles",,"NY","116","4.14","3","2.8","10","0","3","0.62"
"212020","Tony","Rocha",,"NYC","30","2.5","5","3.4","8","1",,"0.05"
"149694","Angelo","Rodriguez",,"MIN","86","3.44","2","2","10","1",,"0.11"
"447202","Brian","Rodriguez",,"LAFC","6","3","3","3","4","2",,"0.03"
"213167","Lucas","Rodriguez",,"DC","128","4.41","2.33","3.4","17","1","4","0.48"
"198884","Memo","Rodriguez",,"HOU","91","4.55","3","3.4","12","1","1","0.63"
"91373","Victor","Rodriguez",,"SEA","62","4.77","4","3","14","1",,"0.14"
"423568","Alex","Roldan",,"SEA","23","2.56","1.33","2","6","1","1","0.16"
"172762","Cristian","Roldan",,"SEA","136","5.67","9","7.2","13","-2",,"0.31"
"170782","Alejandro","Romero Gamarra","Kaku","NY","100","4.55","6","5.2","9","-2","4","0.34"
"213213","Dave","Romney",,"LA","28","4","0.33","2","10","0",,"0.67"
"52456","Eloy","Room",,"CLB","20","2.5","3","2.4","4","1","4","0.43"
"13017","Wayne","Rooney",,"DC","154","6.16","2.33","4","23","-2",,"2.16"
"110618","Andy","Rose",,"VAN","59","2.95","2.67","2.6","8","1","2","0.17"
"102456","Oriol","Rosell",,"ORL","66","3.47","2.33","3.4","7","1","2","0.15"
"127541","Keegan","Rosenberry",,"COL","115","3.97","7.33","5.2","13","-1","13","2.36"
"223256","Diego","Rossi",,"LAFC","184","6.34","4.67","5.6","19","1","8","5.72"
"110620","Brian","Rowe",,"ORL","129","4.61","3","4.4","10","1","2","0.53"
"110619","Kelyn","Rowe",,"RSL","33","2.2","2","3","6","0","3","0.1"
"84752","Daniel","Royer",,"NY","150","5.77","5.33","5.8","14","1","4","0.59"
"102208","Diego","Rubio",,"COL","119","5.41","7.33","7.4","14","-1",,"0.2"
"98899","Raul","Ruidiaz",,"SEA","110","6.47","11","7.6","13","1",,"0.49"
"218539","Pablo","Ruiz",,"RSL","0","0","0.67","0.8","0","0",,"0.05"
"84481","Albert","Rusnak",,"RSL","157","6.28","6.33","6.6","15","1","4","1.58"
"42453","Johnny","Russell",,"SKC","148","6.43","8.33","7.6","19","1",,"1.77"
"219603","Abdul","Rwatubyaye",,"COL","2","1","1","1","3","-1",,"0.44"
"84760","Marc","Rzatkowksi",,"NY","130","5.42","3.67","4.8","11","0","4","0.94"
"37748","Bacary","Sagna",,"MTL","69","3.14","3.33","4.4","9","-3","2","0.28"
"94255","Kenny","Saief",,"CIN","39","4.33","2","3.2","14","1",,"0.08"
"165096","Michael","Salazar",,"HOU","7","1","1","1","1","1",,"0.49"
"50081","Shea","Salinas",,"SJ","98","4.26","1","1.4","15","0",,"0.85"
"213866","Daniel","Salloi",,"SKC","47","2.04","4","2.6","5","-1","5","0.31"
"86155","Ilie","Sanchez",,"SKC","123","4.39","3","2.8","11","1","4","0.69"
"95298","Richard","Sanchez",,"CHI","0","0","4","3.4","0","0",,"0.74"
"215471","James","Sands",,"NYC","69","3.83","1","2.8","7","0",,"0.07"
"60906","Lamine","Sane",,"ORL","110","4.78","4","5","12","1","5","0.72"
"92202","Pedro","Santos",,"CLB","174","6","6.67","7.4","15","1","10","1.42"
"201125","Sergio","Santos",,"PHI","45","3","3.67","2.6","12","0","8","0.09"
"95321","C.J.","Sapong",,"CHI","126","4.5","4.67","3.6","12","1",,"0.96"
"194187","Sebastian","Saucedo",,"RSL","73","3.32","2.67","2.4","15","0",,"0.6"
"60716","Gaston","Sauro",,"CLB","63","4.2","2.33","2","15","1",,"1.38"
"196666","Jefferson","Savarino",,"RSL","132","5.74","6","5.8","19","-2","4","0.55"
"427426","Joe","Scally",,"NYC","0","0","0","0","0","0",,"0.27"
"423559","Tate","Schmitt",,"RSL","6","1.2","1","1.2","2","1",,"0.29"
"63954","Rasmus","Schuller",,"MIN","45","3","3.67","2.6","6","1",,"0.09"
"15208","Bastian","Schweinsteiger",,"CHI","138","5.31","9.67","9.2","14","2","5","2.32"
"437110","Dante","Sealy",,"DAL","0","0","0","0","0","0",,"1.31"
"246283","Eddie","Segura",,"LAFC","154","5.31","3.67","6","10","0","3","4.97"
"210475","Ulises","Segura",,"DC","82","2.83","3.33","3.8","14","1","4","0.34"
"41679","Chris","Seitz",,"DC","3","3","3","3.4","3","3",,"0.06"
"151954","Dillon","Serna",,"COL","29","2.07","1","1","6","1","1","0.07"
"224382","Brandon","Servania",,"DAL","51","3.64","2.67","4","11","0","3","0.16"
"477838","Jacob","Shaffelburg",,"TOR","26","2.6","1.67","1.6","8","1",,"0.83"
"50067","Brek","Shea",,"ATL","52","2.74","2.33","2.4","6","1",,"0.07"
"234297","Andre","Shinyashiki",,"COL","99","3.81","6.33","4.6","13","1","13","2.75"
"177976","Harry","Shipp",,"SEA","90","3.91","6.67","4.4","12","0","2","0.84"
"225062","Shamit","Shome",,"MTL","62","2.48","1","1.2","9","1","1","0.23"
"77521","Bobby","Shuttleworth",,"MIN","0","0","1.67","2.2","0","0",,"0.09"
"110624","Luis","Silva",,"SEA","5","1.67","1.67","2.6","2","1","2","0.05"
"77994","Marcelo","Silva",,"RSL","57","3.56","1.33","3","11","-3",,"0.23"
"176907","Judson","Silva Tavares",,"SJ","81","3.68","5.33","4.2","11","1","4","0.07"
"153379","Josh","Sims",,"NY","3","1.5","1.5","1.5","2","1","2","0.01"
"82526","Seth","Sinovic",,"SKC","80","3.64","2.33","1.6","10","0",,"0.34"
"201168","Pablo","Sisniega",,"LAFC","17","3.4","1.67","3.4","9","1",,"1.15"
"202407","Axel","Sj?berg",,"COL","7","1.17","1","2","5","-3",,"0.11"
"63800","Jorgen","Skjelvik",,"LA","82","4.56","1.67","4","13","-1","6","0.74"
"151937","Blake","Smith",,"CIN","0","0","0","0","0","0",,"0"
"120447","Brad","Smith",,"SEA","101","4.81","2.33","2.8","12","0",,"0.37"
"200190","Graham","Smith",,"SKC","60","6","8.33","7.8","13","1","2","1.71"
"227733","Kyle","Smith",,"ORL","44","2.2","3.67","3","8","0","3","0.13"
"45099","Tommy","Smith",,"COL","89","4.05","6.33","5.2","11","-2","8","4.51"
"114236","Gabriel","Somi",,"NE","0","0","1.33","1.2","0","0",,"0"
"179062","Eduardo","Sosa",,"CLB","14","1.75","2.33","1.8","5","1",,"0.05"
"234433","Dayne","St. Clair",,"MIN","0","0","0","0","0","0",,"0.42"
"219510","Mason","Stajduhar",,"ORL","0","0","0","0","0","0",,"0.45"
"164477","Caleb","Stanko",,"CIN","49","2.33","2.67","3.2","5","1","3","0.03"
"164484","Zack","Steffen",,"CLB","68","5.23","1.67","1.8","18","1",,"0.19"
"111473","Daniel","Steres",,"LA","129","5.16","3","2.4","15","-3",,"4.42"
"20962","Zoltan","Stieber",,"DC","16","1.78","1.33","2","5","1",,"0.03"
"67502","Aljaz","Struna",,"HOU","78","3.12","3","2.6","9","0","3","0.23"
"151939","Brad","Stuver",,"NYC","20","4","5","4","9","2","3","1.6"
"27678","Scott","Sutter",,"VAN","35","2.69","2","1.8","8","1","4","1.1"
"51774","Gustav","Svensson",,"SEA","61","3.59","3.67","2.8","7","1",,"0.09"
"163529","Ben","Sweat",,"NYC","40","2.5","4","2.6","8","0","5","1.59"
"225063","Ballou Jean-Yves","Tabla",,"MTL","4","1.33","1.33","2.2","2","1","1","0.01"
"82752","Saphir","Taider",,"MTL","180","6.43","5.33","7","14","1","7","0.68"
"153390","Ismael","Tajouri-Shradi",,"NYC","54","4.15","1.33","3.2","21","0","1","0.12"
"221400","Andrew","Tarbell",,"SJ","0","0","1.67","2","0","0",,"0.02"
"212993","Amro","Tarek",,"NY","86","4.53","3.67","3.2","11","-2",,"0.52"
"92437","Russell","Teibert",,"VAN","75","3.26","2.67","3.2","9","1","3","0.13"
"250972","Ryan","Telfer",,"TOR","5","5","3.33","2.4","5","5",,"0.05"
"178211","Tommy","Thompson",,"SJ","123","4.92","6.67","5.6","16","0","10","0.66"
"66284","Anton","Tinnerholm",,"NYC","141","5.42","6","5.8","11","1","8","5.01"
"96201","Donny","Toia",,"RSL","93","4.89","7","5","12","0","4","0.31"
"244410","Nouhou","Tolo",,"SEA","36","1.8","1","2.8","8","0",,"0.16"
"424432","Juan","Torres",,"NYC","1","1","1","1","1","1",,"0.06"
"34160","Rom?n","Torres",,"SEA","48","3.2","4.67","3.8","10","0",,"0.2"
"249164","Mason","Toye",,"MIN","55","5","4.67","3.2","13","-1","13","1.14"
"433843","Diedie","Traore",,"LA","13","3.25","4","3.25","6","1",,"0.1"
"148995","Wil","Trapp",,"CLB","107","4.46","4.33","5.2","8","1","4","0.28"
"201410","Auston","Trusty",,"PHI","102","4.64","4.33","3.6","10","-1",,"0.45"
"175077","Bill","Tuiloma",,"POR","65","3.42","5.33","3.6","10","1","4","1.28"
"224068","Matt","Turner",,"NE","67","4.19","4","4.2","11","-1","5","0.63"
"443009","Ema","Twumasi",,"DAL","2","1","1","1","1","1",,"0.04"
"46374","Przemyslaw","Tyton",,"CIN","27","2.7","2","3","6","1","1","0.54"
"95280","Victor","Ulloa",,"CIN","89","3.42","4.33","4.4","8","1",,"0.44"
"97607","Maximiliano","Urruti",,"MTL","103","3.68","5","4","11","0","2","0.28"
"95236","Zarek","Valentin",,"POR","50","2.78","3.33","2.4","6","1",,"0.15"
"222820","Milton","Valenzuela",,"CLB","0","0","4.67","5.8","0","0",,"0.01"
"55817","Diego","Valeri",,"POR","208","7.7","10.33","8.6","21","1","9","9.86"
"240899","Florian","Valot",,"NY","8","4","4","5","7","1",,"0.02"
"56328","Maikel","van der Werff",,"CIN","14","2.33","2","2.2","3","1",,"0.21"
"40798","Gregory","van der Wiel",,"TOR","0","0","1.33","2.4","0","0",,"0"
"201053","Jeisson","Vargas",,"MTL","0","0","1","1","0","0",,"0.05"
"247675","Peter-Lee","Vassell",,"LAFC","10","2.5","2.67","2.5","4","1",,"0.05"
"218313","Brandon","Vazquez",,"ATL","25","3.57","3.67","4","8","1",,"0.28"
"427221","Julian","Vazquez",,"RSL","0","0","0","0","0","0",,"0.95"
"55024","Daniel","Vega",,"SJ","113","4.04","4.67","3.4","14","-1","8","1.2"
"38401","Carlos","Vela",,"LAFC","311","11.96","12","11.6","22","3",,"7.98"
"186742","Lucas","Venuto",,"VAN","55","2.5","2","1.6","8","1",,"0.02"
"208424","Matias","Vera",,"HOU","89","3.56","4","4.2","7","0","3","0.16"
"45092","Jorge","Villafa?a",,"POR","85","4.72","5","4","18","0","2","1.15"
"122828","Hector","Villalba",,"ATL","51","3.64","1.33","2","13","1","1","0.06"
"224823","Sam","Vines",,"COL","62","2.82","6","4.4","8","0","8","0.81"
"82521","Juninho","Vitor Junior",,"LA","2","1","2","2","1","1",,"0.09"
"234585","Justin","Vom Steeg",,"LA","0","0","0","0","0","0",,"0.4"
"428338","Kai","Wagner",,"PHI","125","5","7","6.2","11","0","9","0.3"
"60153","Rodney","Wallace",,"SKC","1","1","2.67","1.8","1","1",,"1.6"
"249958","Wan Kuzain","Wan Kamal","Kuzain","SKC","0","0","1","3.2","0","0",,"0.03"
"474162","Akeem","Ward",,"DC","1","1","1","1","1","1",,"0.01"
"193906","Kendall","Waston",,"CIN","66","3","2.67","2","14","1",,"0.59"
"151951","Emery","Welshman",,"CIN","0","0","0","0","0","0",,"0.02"
"37975","Quentin","Westberg",,"TOR","91","3.96","3","3","9","2","3","2.46"
"443604","Brian","White",,"NY","89","4.94","3.33","5","8","1",,"0.39"
"226917","Gordon","Wild",,"DC","0","0","0","0","0","0",,"0.05"
"474156","JJ","Williams",,"CLB","0","0","0","0","0","0",,"0"
"423069","JJ","Williams",,"CLB","10","1.43","2","1.6","2","1",,"0.35"
"94479","Josh","Williams",,"CLB","65","4.64","6","5","15","2",,"0.12"
"186262","Romario","Williams",,"CLB","15","1.88","1.33","1.2","6","1",,"0.18"
"234420","Eryk","Williamson",,"POR","8","1.6","2","1.6","3","1","3","0.2"
"95309","Joe","Willis",,"HOU","86","3.74","3","2.8","9","0","6","0.47"
"60490","Danny","Wilson",,"COL","54","3.18","3.33","3","8","1","1","0.12"
"198532","Henry","Wingo",,"SEA","10","1.67","2.33","1.8","5","1",,"0.07"
"41647","Chris","Wondolowski",,"SJ","127","4.7","8.67","7.4","23","0","13","1.86"
"112973","Andrew","Wooten",,"PHI","9","1.8","2.33","1.8","5","1",,"0.03"
"180233","Brian","Wright",,"NE","2","1","1","1","1","1",,"0.14"
"18770","Bradley","Wright-Phillips",,"NY","48","2.53","2.33","2","8","0","4","0.25"
"210151","Deklan","Wynne",,"COL","29","2.64","2","3","8","1",,"0.02"
"436107","Griffin","Yow",,"DC","2","2","2","2","2","2",,"1.06"
"245628","Jackson","Yueill",,"SJ","135","5","7.67","5.6","11","1","11","0.31"
"105713","Wilfried","Zahibo",,"NE","47","2.35","4.67","3.6","9","-1","2","0.08"
"196824","Renzo","Zambrano",,"POR","31","3.44","2","3.2","7","-2",,"1.76"
"149359","Gyasi","Zardes",,"CLB","127","5.29","6","7.2","13","2","3","0.43"
"151949","Eriq","Zavaleta",,"TOR","41","2.56","1","2.2","9","-2","-2","0.15"
"158870","Gedion","Zelalem",,"SKC","16","1.78","3.33","2.6","4","0",,"0.09"
"98918","Rodolfo","Zelaya",,"LAFC","9","2.25","2.67","2.25","6","1",,"0.13"
"213875","Adrian","Zendejas",,"SKC","5","5","1.67","1","5","5",,"0.17"
"18529","Reto","Ziegler",,"DAL","143","5.3","8","6","16","0","5","1.37"
"151933","Walker","Zimmerman",,"LAFC","112","5.33","1.33","3","12","-2",,"1.13"
"152268","Kyle","Zobeck",,"DAL","0","0","0","0","0","0",,"0.81"
"243943","Ethan","Zubak",,"LA","3","1","1","1","1","1",,"0.08"
"60210","Graham","Zusi",,"SKC","100","4.35","6","5.4","8","0","2","1.52"
